OBJECTID,Unique_ID,RID,LAKE_LLID,MEAS,Distance,AGENCY,AGENCY_ID,STATION_ID,DEC_LAT,DEC_LONG,DATUM,DESCRIPTIO,DESCRIPT_1,LLID_Strea,Str_LLID,Str_name,LAKE_LLID,LAKE_NAME,Unique_ID_,QAQC,QAQC2,Has Duplicate Station,Comments
1,4,1186033423960,,79753.18000710000,243.25621292000,EPA National Aquatic Resource Survey Data,NARS,ORSE04-R009,42.59082000000,-118.59915000000,NAD27,WILDHORSE CREEK,NA,NA,NA,NA,NA,NA,4.00000000000,Yes,,,
2,5,1185933425999,,961.75260070900,158.23385411700,EPA National Aquatic Resource Survey Data,NARS,ORSE04-R010,42.60184000000,-118.59402000000,NAD27,LITTLE WILDHORSE CREEK,NA,NA,NA,NA,NA,NA,5.00000000000,Yes,,,
3,7,1219591424414,,411024.13334300000,-149.34723996500,EPA National Aquatic Resource Survey Data,NARS,ORSE04-R014,42.83175000000,-121.45719000000,NAD27,WILLIAMSON RIVER,NA,NA,NA,NA,NA,NA,7.00000000000,Yes,,,
4,12,1222435435439,,11178.50759180000,-31.12464793720,EPA National Aquatic Resource Survey Data,NARS,WORP99-0503,43.55441000000,-122.20504000000,NAD27,BEAR CREEK,NA,NA,NA,NA,NA,NA,12.00000000000,Yes,,Yes,
5,13,1231904458549,,51540.89448600000,-71.67887878800,EPA National Aquatic Resource Survey Data,NARS,WORP99-0505,45.88232000000,-123.29797000000,NAD27,ROCK CREEK,NA,NA,NA,NA,NA,NA,13.00000000000,Yes,,Yes,
6,14,1238335433347,,5131.41020109000,-388.23490801100,EPA National Aquatic Resource Survey Data,NARS,WORP99-0508,43.32637000000,-123.84749000000,NAD27,MINK CREEK,NA,NA,NA,NA,NA,NA,14.00000000000,Yes,,Yes,
7,15,1204806421469,,49135.77338520000,222.39716936500,EPA National Aquatic Resource Survey Data,NARS,WORP99-0510,42.23773000000,-120.57656000000,NAD27,MUDDY CREEK,NA,NA,NA,NA,NA,NA,15.00000000000,Yes,,Yes,
8,16,1218135453147,,24672.16358550000,172.84221274300,EPA National Aquatic Resource Survey Data,NARS,WORP99-0511,45.33377000000,-121.73210000000,NAD27,LITTLE ZIGZAG CANYON,NA,NA,NA,NA,NA,NA,16.00000000000,Yes,,Yes,
9,17,1183896449369,,8395.58251546000,189.56868073800,EPA National Aquatic Resource Survey Data,NARS,WORP99-0512,44.95600000000,-118.37670000000,NAD27,NORTH TRAIL CREEK,NA,NA,NA,NA,NA,NA,17.00000000000,Yes,,Yes,
10,18,1212872424605,,145427.35625900000,-277.38200640300,EPA National Aquatic Resource Survey Data,NARS,WORP99-0514,42.68806000000,-121.25865000000,NAD27,SYCAN RIVER,NA,NA,NA,NA,NA,NA,18.00000000000,Yes,,Yes,
11,20,1170646459584,,32950.40432640000,-175.13855561100,EPA National Aquatic Resource Survey Data,NARS,WORP99-0518,45.88876000000,-117.09055000000,NAD27,BROADY CREEK,NA,NA,NA,NA,NA,NA,20.00000000000,Yes,,Yes,
12,22,1183709421868,,63131.34442530000,-196.31373029900,EPA National Aquatic Resource Survey Data,NARS,WORP99-0522,42.04374000000,-118.29447000000,NAD27,BIG TROUT CREEK,NA,NA,NA,NA,NA,NA,22.00000000000,Yes,,Yes,
13,23,1173304444463,,11404.42296560000,-161.96689534600,EPA National Aquatic Resource Survey Data,NARS,WORP99-0523,44.44785000000,-117.36786000000,NAD27,DIXIE CREEK,NA,NA,NA,NA,NA,NA,23.00000000000,Yes,,Yes,
14,24,1201168444814,,5248.35939109000,-274.64473992200,EPA National Aquatic Resource Survey Data,NARS,WORP99-0528,44.47614000000,-120.13300000000,NAD27,MILK CREEK,NA,NA,NA,NA,NA,NA,24.00000000000,Yes,,Yes,
15,25,1184946448414,,923.59290605900,251.25200121100,EPA National Aquatic Resource Survey Data,NARS,WORP99-0529,44.84419000000,-118.49470000000,NAD27,BUCK CREEK,NA,NA,NA,NA,NA,NA,25.00000000000,Yes,,Yes,
16,26,1186486443518,,7588.51909772000,-397.60818794000,EPA National Aquatic Resource Survey Data,NARS,WORP99-0530,44.33318000000,-118.64266000000,NAD27,TRIB TO STRAWBERRY CREEK,NA,NA,NA,NA,NA,NA,26.00000000000,Yes,,Yes,
17,27,1193486440324,,42775.89510070000,8.59335586707,EPA National Aquatic Resource Survey Data,NARS,WORP99-0538,44.01946000000,-119.47612000000,NAD27,FLAT CREEK,NA,NA,NA,NA,NA,NA,27.00000000000,Yes,,Yes,
18,28,1187925451660,,51040.67664470000,-187.91291853900,EPA National Aquatic Resource Survey Data,NARS,WORP99-0541,45.09314000000,-118.66703000000,NAD27,HIDAWAY CREEK,NA,NA,NA,NA,NA,NA,28.00000000000,Yes,,Yes,
19,29,1190406445326,,3133.09675753000,229.63083690100,EPA National Aquatic Resource Survey Data,NARS,WORP99-0542,44.53912000000,-119.03291000000,NAD27,ENNIS CREEK,NA,NA,NA,NA,NA,NA,29.00000000000,Yes,,Yes,
20,30,1202050447528,,30906.01927860000,21.45417966440,EPA National Aquatic Resource Survey Data,NARS,WORP99-0547,44.82247000000,-120.15471000000,NAD27,ROWE CREEK,NA,NA,NA,NA,NA,NA,30.00000000000,Yes,,Yes,
21,33,1189114447974,,26454.04657740000,-154.92636676800,EPA National Aquatic Resource Survey Data,NARS,WORP99-0554,44.83708000000,-118.87958000000,NAD27,INDIAN CREEK,NA,NA,NA,NA,NA,NA,33.00000000000,Yes,,Yes,
22,34,1185080445935,,27153.39889700000,-125.78448078100,EPA National Aquatic Resource Survey Data,NARS,WORP99-0559,44.53190000000,-118.47930000000,NAD27,CLEAR CREEK,NA,NA,NA,NA,NA,NA,34.00000000000,Yes,,Yes,
23,35,1184296445846,,7564.25603986000,-105.12224790100,EPA National Aquatic Resource Survey Data,NARS,WORP99-0560,44.58345000000,-118.41174000000,NAD27,SUMMIT CREEK,NA,NA,NA,NA,NA,NA,35.00000000000,Yes,,Yes,
24,41,1210740451747,,39577.57614560000,-321.48379525300,EPA National Aquatic Resource Survey Data,NARS,WORP99-0617,45.14141000000,-120.96853000000,NAD27,BAKEOVEN CREEK,NA,NA,NA,NA,NA,NA,41.00000000000,Yes,,,
25,42,1189658449686,,27892.92962860000,-204.36775034400,EPA National Aquatic Resource Survey Data,NARS,WORP99-0619,44.92461000000,-118.89051000000,NAD27,EAST FORK MEADOW BROOK CREEK,NA,NA,NA,NA,NA,NA,42.00000000000,Yes,,,
26,43,1192349448877,,182276.25016700000,-308.56101262800,EPA National Aquatic Resource Survey Data,NARS,WORP99-0620,44.61149000000,-118.94132000000,NAD27,LONG CREEK,NA,NA,NA,NA,NA,NA,43.00000000000,Yes,,,
27,44,1192675440317,,6733.88580789000,305.06224790000,EPA National Aquatic Resource Survey Data,NARS,WORP99-0622,44.04762000000,-119.25393000000,NAD27,GRASSHOPPER CREEK,NA,NA,NA,NA,NA,NA,44.00000000000,Yes,,Yes,
28,45,1189961450100,,130939.01772900000,51.86624392120,EPA National Aquatic Resource Survey Data,NARS,WORP99-0625,45.17224000000,-118.73686000000,NAD27,CAMAS CREEK,NA,NA,NA,NA,NA,NA,45.00000000000,Yes,,Yes,
29,46,1187361448455,,4086.50605342000,285.21968391500,EPA National Aquatic Resource Survey Data,NARS,WORP99-0626,44.85483000000,-118.72771000000,NAD27,SPONGE CREEK,NA,NA,NA,NA,NA,NA,46.00000000000,Yes,,Yes,
30,47,1194194448139,,24580.02984550000,-169.56573215800,EPA National Aquatic Resource Survey Data,NARS,WORP99-0630,44.75606000000,-119.41414000000,NAD27,COTTONWOOD CREEK,NA,NA,NA,NA,NA,NA,47.00000000000,Yes,,Yes,
31,48,1222748448571,,3048.06352479000,273.36986954500,EPA National Aquatic Resource Survey Data,NARS,WORP99-0657,44.86329000000,-122.28132000000,NAD27,TINCUP CREEK,NA,NA,NA,NA,NA,NA,48.00000000000,Yes,,Yes,
32,49,1228492437033,,1463.03941030000,-326.73996495000,EPA National Aquatic Resource Survey Data,NARS,WORP99-0659,43.69977000000,-122.85016000000,NAD27,CULP CREEK,NA,NA,NA,NA,NA,NA,49.00000000000,Yes,,Yes,
33,50,1235900458588,,8419.84430490000,-133.26899004800,EPA National Aquatic Resource Survey Data,NARS,WORP99-0661,45.85920000000,-123.61998000000,NAD27,MCCLURE CREEK,NA,NA,NA,NA,NA,NA,50.00000000000,Yes,,Yes,
34,51,1195547453592,,29936.29371990000,-124.92580184900,EPA National Aquatic Resource Survey Data,NARS,WORP99-0662,45.36810000000,-119.44609000000,NAD27,HINTON CREEK,NA,NA,NA,NA,NA,NA,51.00000000000,Yes,,Yes,
35,52,1205043425871,,12226.79388990000,-177.96746687100,EPA National Aquatic Resource Survey Data,NARS,WORP99-0665,42.56856000000,-120.53277000000,NAD27,AVERY CREEK,NA,NA,NA,NA,NA,NA,52.00000000000,Yes,,Yes,
36,54,1168775451506,,15912.17825720000,-207.55839845700,EPA National Aquatic Resource Survey Data,NARS,WORP99-0667,45.11452000000,-116.85653000000,NAD27,DRY CREEK,NA,NA,NA,NA,NA,NA,54.00000000000,Yes,,Yes,
37,55,1215424442008,,30139.36845340000,-210.93422657200,EPA National Aquatic Resource Survey Data,NARS,WORP99-0677,44.13839000000,-121.60091000000,NAD27,THREE CREEK,NA,NA,NA,NA,NA,NA,55.00000000000,Yes,,Yes,
38,56,1204052455767,,381843.73825100000,35.09758610370,EPA National Aquatic Resource Survey Data,NARS,WORP99-0685,45.09654000000,-119.60913000000,NAD27,ROCK CREEK,NA,NA,NA,NA,NA,NA,56.00000000000,Yes,,Yes,
39,57,1191589450239,,2161.00440291000,0.10791491791,EPA National Aquatic Resource Survey Data,NARS,WORP99-0691,45.02467000000,-119.15001000000,NAD27,RUSH CREEK,NA,NA,NA,NA,NA,NA,57.00000000000,Yes,,Yes,
40,58,1186984446632,,9335.73533993000,-227.98571093700,EPA National Aquatic Resource Survey Data,NARS,WORP99-0692,44.65401000000,-118.72916000000,NAD27,SUNSHINE CREEK,NA,NA,NA,NA,NA,NA,58.00000000000,Yes,,Yes,
41,60,1216078452149,,20157.77661510000,232.91645808700,EPA National Aquatic Resource Survey Data,NARS,WORP99-0701,45.24938000000,-121.66096000000,NAD27,BARLOW CREEK,NA,NA,NA,NA,NA,NA,60.00000000000,Yes,,Yes,
42,61,1188116447044,,3258.60276642000,144.04664763400,EPA National Aquatic Resource Survey Data,NARS,WORP99-0704,44.71076000000,-118.80173000000,NAD27,ELK CREEK,NA,NA,NA,NA,NA,NA,61.00000000000,Yes,,Yes,
43,62,1192433443821,,4764.09735254000,-102.29709483700,EPA National Aquatic Resource Survey Data,NARS,WORP99-0710,44.37560000000,-119.25701000000,NAD27,SECOND CREEK,NA,NA,NA,NA,NA,NA,62.00000000000,Yes,,Yes,
44,63,1184006449127,,9923.11715678000,-41.70242952430,EPA National Aquatic Resource Survey Data,NARS,WORP99-0721,44.89782000000,-118.38236000000,NAD27,ONION CREEK,NA,NA,NA,NA,NA,NA,63.00000000000,Yes,,Yes,
45,64,1194874441152,,14785.80232680000,-123.81911927400,EPA National Aquatic Resource Survey Data,NARS,WORP99-0724,44.09689000000,-119.51807000000,NAD27,PINE CREEK,NA,NA,NA,NA,NA,NA,64.00000000000,Yes,,Yes,
46,65,1187007444592,,24807.25612640000,-221.27737688000,EPA National Aquatic Resource Survey Data,NARS,WORP99-0728,44.39839000000,-118.67658000000,NAD27,STRAWBERRY CREEK,NA,NA,NA,NA,NA,NA,65.00000000000,Yes,,Yes,
47,66,1185469446075,,27619.39590080000,252.16247131400,EPA National Aquatic Resource Survey Data,NARS,WORP99-0734,44.67166000000,-118.54477000000,NAD27,VINCENT CREEK,NA,NA,NA,NA,NA,NA,66.00000000000,Yes,,Yes,
48,67,1228342449828,,12495.96803100000,-178.99649734100,EPA National Aquatic Resource Survey Data,NARS,WORP99-0735,44.96672000000,-122.79673000000,NAD27,DRIFT CREEK,NA,NA,NA,NA,NA,NA,67.00000000000,Yes,,Yes,
49,68,1237270456848,,2591.99056536000,72.01994710590,EPA National Aquatic Resource Survey Data,NARS,WORP99-0739,45.68971000000,-123.71855000000,NAD27,HARLISS CREEK,NA,NA,NA,NA,NA,NA,68.00000000000,Yes,,Yes,
50,69,1192140453380,,38754.87252640000,-313.14771486100,EPA National Aquatic Resource Survey Data,NARS,WORP99-0740,45.24534000000,-119.20996000000,NAD27,JOHNSON CREEK,NA,NA,NA,NA,NA,NA,69.00000000000,Yes,,Yes,
51,70,1174261448973,,421.16006380000,124.33748173800,EPA National Aquatic Resource Survey Data,NARS,WORP99-0745,44.89848000000,-117.42425000000,NAD27,SAWMILL CREEK,NA,NA,NA,NA,NA,NA,70.00000000000,Yes,,Yes,
52,71,1240885436633,,5981.26282726000,-434.15778064600,EPA National Aquatic Resource Survey Data,NARS,WORP99-0748,43.65174000000,-124.09572000000,NAD27,WIND CREEK,NA,NA,NA,NA,NA,NA,71.00000000000,Yes,,Yes,
53,72,1192865449746,,3809.25241050000,-78.47431246190,EPA National Aquatic Resource Survey Data,NARS,WORP99-0762,44.97169000000,-119.29883000000,NAD27,GRAVES CREEK,NA,NA,NA,NA,NA,NA,72.00000000000,Yes,,Yes,
54,73,1203065447366,,59592.92539600000,-236.82050602200,EPA National Aquatic Resource Survey Data,NARS,WORP99-0768,44.62178000000,-120.21026000000,NAD27,BRIDGE CREEK,NA,NA,NA,NA,NA,NA,73.00000000000,Yes,,Yes,
55,74,1187587450825,,28604.53477950000,20.10299941640,EPA National Aquatic Resource Survey Data,NARS,WORP99-0769,45.05127000000,-118.66512000000,NAD27,NORTH FORK CABLE CREEK,NA,NA,NA,NA,NA,NA,74.00000000000,Yes,,Yes,
56,75,1198759450734,,35929.63820090000,44.24931239300,EPA National Aquatic Resource Survey Data,NARS,WORP99-0775,44.99814000000,-119.80279000000,NAD27,BROWN CREEK,NA,NA,NA,NA,NA,NA,75.00000000000,Yes,,,
57,77,1183176449098,,991.74237147400,-201.57935548100,EPA National Aquatic Resource Survey Data,NARS,WORP99-0787,44.90789000000,-118.31402000000,NAD27,BALDY CREEK,NA,NA,NA,NA,NA,NA,77.00000000000,Yes,,Yes,
58,79,1193015449167,,323592.44486500000,178.95372040200,EPA National Aquatic Resource Survey Data,NARS,WORP99-0794,44.62230000000,-118.57806000000,NAD27,MIDDLE FORK JOHN DAY RIVER,NA,NA,NA,NA,NA,NA,79.00000000000,Yes,,Yes,
59,80,1195272441916,,53046.03657200000,-137.93939919800,EPA National Aquatic Resource Survey Data,NARS,WORP99-0800,44.19970000000,-119.35128000000,NAD27,DEER CREEK,NA,NA,NA,NA,NA,NA,80.00000000000,Yes,,Yes,
60,82,1187712448638,,9039.87221922000,-222.69908199900,EPA National Aquatic Resource Survey Data,NARS,WORP99-0806,44.84825000000,-118.78680000000,NAD27,BEEMAN CREEK,NA,NA,NA,NA,NA,NA,82.00000000000,Yes,,Yes,
61,84,1200026442224,,19653.21250990000,284.32363476300,EPA National Aquatic Resource Survey Data,NARS,WORP99-0815,44.26857000000,-119.97815000000,NAD27,ROBA CREEK,NA,NA,NA,NA,NA,NA,84.00000000000,Yes,,Yes,
62,87,1174506444499,,20236.69065800000,-21.04811172700,EPA National Aquatic Resource Survey Data,NARS,WORP99-0823,44.42970000000,-117.51413000000,NAD27,SOUTH FORK DIXIE CREEK,NA,NA,NA,NA,NA,NA,87.00000000000,Yes,,Yes,
63,88,1237663438061,,42896.59164550000,159.22755378100,EPA National Aquatic Resource Survey Data,NARS,WORP99-0825,43.85239000000,-123.72026000000,NAD27,WEST FORK SMITH RIVER,NA,NA,NA,NA,NA,NA,88.00000000000,Yes,,Yes,
64,89,1175368452725,,19726.53173820000,-147.34315713700,EPA National Aquatic Resource Survey Data,NARS,WORP99-0830,45.27151000000,-117.46621000000,NAD27,NORTH MINAM RIVER,NA,NA,NA,NA,NA,NA,89.00000000000,Yes,,Yes,
65,90,1189961450100,,10165.89870590000,248.12709278000,EPA National Aquatic Resource Survey Data,NARS,WORP99-0841,45.03423000000,-118.97814000000,NAD27,CAMAS CREEK,NA,NA,NA,NA,NA,NA,90.00000000000,Yes,,Yes,
66,91,1189512447944,,35191.94866870000,-221.92770025900,EPA National Aquatic Resource Survey Data,NARS,WORP99-0842,44.71102000000,-118.95085000000,NAD27,SLIDE CREEK,NA,NA,NA,NA,NA,NA,91.00000000000,Yes,,Yes,
67,92,1194558443078,,22958.66155070000,34.29237355160,EPA National Aquatic Resource Survey Data,NARS,WORP99-0848,44.35343000000,-119.40961000000,NAD27,DRY CABIN CREEK,NA,NA,NA,NA,NA,NA,92.00000000000,Yes,,,
68,94,1199609452189,,22137.02326870000,-329.11878173100,EPA National Aquatic Resource Survey Data,NARS,WORP99-0852,45.16732000000,-119.95315000000,NAD27,LONE ROCK CREEK,NA,NA,NA,NA,NA,NA,94.00000000000,Yes,,Yes,
69,96,1195355444739,,249060.76187000000,-252.18893540000,EPA National Aquatic Resource Survey Data,NARS,WORP99-0856,44.01521000000,-119.33820000000,NAD27,SOUTH FORK JOHN DAY RIVER,NA,NA,NA,NA,NA,NA,96.00000000000,Yes,,Yes,
70,97,1188742447658,,56131.02594480000,-308.20904593600,EPA National Aquatic Resource Survey Data,NARS,WORP99-0860,44.77780000000,-118.68610000000,NAD27,BIG CREEK,NA,NA,NA,NA,NA,NA,97.00000000000,Yes,,Yes,
71,98,1194539450514,,233.13172557700,151.26208317400,EPA National Aquatic Resource Survey Data,NARS,WORP99-0864,45.05225000000,-119.45251000000,NAD27,ALDER CREEK,NA,NA,NA,NA,NA,NA,98.00000000000,Yes,,Yes,
72,99,1195711442692,,7226.17007161000,80.83201377850,EPA National Aquatic Resource Survey Data,NARS,WORP99-0866,44.27721000000,-119.59326000000,NAD27,NORTH FORK WIND CREEK,NA,NA,NA,NA,NA,NA,99.00000000000,Yes,,Yes,
73,103,1201704445718,,4732.78192775000,-285.54133028100,EPA National Aquatic Resource Survey Data,NARS,WORP99-0883,44.56009000000,-120.17553000000,NAD27,NELSON CREEK,NA,NA,NA,NA,NA,NA,103.00000000000,Yes,,Yes,
74,104,1241338440157,,409765.88924100000,281.10087711500,EPA National Aquatic Resource Survey Data,NARS,WORP99-0885,43.87554000000,-123.50238000000,NAD27,SIUSLAW RIVER,NA,NA,NA,NA,NA,NA,104.00000000000,Yes,,Yes,
75,105,1210372424183,,44169.98853790000,-335.96523169100,EPA National Aquatic Resource Survey Data,NARS,WORP99-0888,42.32292000000,-120.98713000000,NAD27,FISHHOLE CREEK,NA,NA,NA,NA,NA,NA,105.00000000000,Yes,,Yes,
76,106,1173711449826,,74447.42895820000,307.05222492600,EPA National Aquatic Resource Survey Data,NARS,WORP99-0890,45.15849000000,-117.31893000000,NAD27,EAST FORK EAGLE CREEK,NA,NA,NA,NA,NA,NA,106.00000000000,Yes,,Yes,
77,107,1216205445703,,5854.23089530000,86.57898220310,EPA National Aquatic Resource Survey Data,NARS,WORP99-0891,44.55845000000,-121.63310000000,NAD27,ABBOT CREEK,NA,NA,NA,NA,NA,NA,107.00000000000,Yes,,Yes,
78,108,1238097433168,,64633.80089560000,-303.22917099800,EPA National Aquatic Resource Survey Data,NARS,WORP99-0892,43.26170000000,-123.72635000000,NAD27,WILLIAMS RIVER,NA,NA,NA,NA,NA,NA,108.00000000000,Yes,,Yes,
79,110,1194248442787,,12740.86561830000,26.27755158280,EPA National Aquatic Resource Survey Data,NARS,WORP99-0908,44.25837000000,-119.39841000000,NAD27,SOUTH FORK MURDERERS CREEK,NA,NA,NA,NA,NA,NA,110.00000000000,Yes,,,
80,111,1199578448150,,18604.44239670000,278.12295623200,EPA National Aquatic Resource Survey Data,NARS,WORP99-0912,44.85758000000,-119.96848000000,NAD27,LAKE CREEK,NA,NA,NA,NA,NA,NA,111.00000000000,Yes,,,
81,112,1196331445288,,75276.82473860000,-222.97541016000,EPA National Aquatic Resource Survey Data,NARS,WORP99-0917,44.44292000000,-119.81463000000,NAD27,ROCK CREEK,NA,NA,NA,NA,NA,NA,112.00000000000,Yes,,Yes,
82,113,1199198448104,,18074.15461440000,-181.70279588800,EPA National Aquatic Resource Survey Data,NARS,WORP99-0923,44.76814000000,-119.91009000000,NAD27,HORSESHOE CREEK,NA,NA,NA,NA,NA,NA,113.00000000000,Yes,,Yes,
83,114,1187277449752,,10148.80390660000,297.29770421300,EPA National Aquatic Resource Survey Data,NARS,WORP99-0924,44.99626000000,-118.72649000000,NAD27,ORIENTAL CREEK,NA,NA,NA,NA,NA,NA,114.00000000000,Yes,,Yes,
84,115,1213259452673,,37876.73292640000,233.70833177900,EPA National Aquatic Resource Survey Data,NARS,WORP99-0928,45.30092000000,-121.44904000000,NAD27,LITTLE BADGER CREEK,NA,NA,NA,NA,NA,NA,115.00000000000,Yes,,Yes,
85,116,1204842450573,,96628.55722640000,33.46204175760,EPA National Aquatic Resource Survey Data,NARS,WORP99-0929,44.99289000000,-120.19691000000,NAD27,BUTTE CREEK,NA,NA,NA,NA,NA,NA,116.00000000000,Yes,,Yes,
86,117,1184060447987,,8924.44128940000,-8.93966430453,EPA National Aquatic Resource Survey Data,NARS,WORP99-0931,44.78704000000,-118.37701000000,NAD27,BULL RUN CREEK,NA,NA,NA,NA,NA,NA,117.00000000000,Yes,,Yes,
87,118,1192943449516,,52694.29380130000,290.91576224900,EPA National Aquatic Resource Survey Data,NARS,WORP99-0935,45.05038000000,-119.35106000000,NAD27,DITCH CREEK,NA,NA,NA,NA,NA,NA,118.00000000000,Yes,,Yes,
88,119,1195661443338,,25146.20287430000,22.50012952690,EPA National Aquatic Resource Survey Data,NARS,WORP99-0937,44.34538000000,-119.65120000000,NAD27,BLACK CANYON CREEK,NA,NA,NA,NA,NA,NA,119.00000000000,Yes,,Yes,
89,120,1196393446233,,257.49455130400,-65.51945865210,EPA National Aquatic Resource Survey Data,NARS,WORP99-0947,44.62316000000,-119.63725000000,NAD27,JOHNNY CREEK,NA,NA,NA,NA,NA,NA,120.00000000000,Yes,,Yes,
90,121,1192754449735,,54728.58784819990,298.74410450300,EPA National Aquatic Resource Survey Data,NARS,WORP99-0948,45.09133000000,-119.21976000000,NAD27,POTAMUS CREEK,NA,NA,NA,NA,NA,NA,121.00000000000,Yes,,Yes,
91,122,1241338440157,,246529.04724600000,-291.58923021300,EPA National Aquatic Resource Survey Data,NARS,WORP99-0950,43.98699000000,-123.64101000000,NAD27,SIUSLAW RIVER,NA,NA,NA,NA,NA,NA,122.00000000000,Yes,,,
92,123,1240388428362,,3305.34478771000,-346.03157634300,EPA National Aquatic Resource Survey Data,NARS,WORP99-0952,42.82923000000,-124.04476000000,NAD27,UPPER LAND CREEK,NA,NA,NA,NA,NA,NA,123.00000000000,Yes,,Yes,
93,124,1221496452036,,5819.15708012000,-235.58016312500,EPA National Aquatic Resource Survey Data,NARS,WORP99-0954,45.19066000000,-122.13924000000,NAD27,WINSLOW CREEK,NA,NA,NA,NA,NA,NA,124.00000000000,Yes,,Yes,
94,125,1234447450906,,21346.32371990000,-194.20064016400,EPA National Aquatic Resource Survey Data,NARS,WORP99-0956,45.04592000000,-123.43569000000,NAD27,MILL CREEK,NA,NA,NA,NA,NA,NA,125.00000000000,Yes,,,
95,127,1189855450726,,18349.97254060000,191.86487831700,EPA National Aquatic Resource Survey Data,NARS,WORP99-0972,45.08481000000,-119.04549000000,NAD27,FIVEMILE CREEK,NA,NA,NA,NA,NA,NA,127.00000000000,Yes,,Yes,
96,128,1193015449167,,200399.72787600000,-164.65558097200,EPA National Aquatic Resource Survey Data,NARS,WORP99-0973,44.77083000000,-118.87764000000,NAD27,MIDDLE FORK JOHN DAY RIVER,NA,NA,NA,NA,NA,NA,128.00000000000,Yes,,,
97,130,1195547443534,,3091.15455519000,-134.89346004900,EPA National Aquatic Resource Survey Data,NARS,WORP99-0985,44.35015000000,-119.54315000000,NAD27,JACKASS CREEK,NA,NA,NA,NA,NA,NA,130.00000000000,Yes,,Yes,
98,133,1185615448659,,49402.71499400000,55.97832465310,EPA National Aquatic Resource Survey Data,NARS,WORP99-1002,44.80711000000,-118.42886000000,NAD27,GRANITE CREEK,NA,NA,NA,NA,NA,NA,133.00000000000,Yes,,Yes,
99,134,1187958446932,,27335.37522860000,-231.18762133200,EPA National Aquatic Resource Survey Data,NARS,WORP99-1003,44.63579000000,-118.84309000000,NAD27,CAMP CREEK,NA,NA,NA,NA,NA,NA,134.00000000000,Yes,,Yes,
100,136,1223918432059,,20289.53894390000,-399.71182876300,EPA National Aquatic Resource Survey Data,NARS,WORP99-1017,43.18240000000,-122.32973000000,NAD27,ROUGH CREEK,NA,NA,NA,NA,NA,NA,136.00000000000,Yes,,Yes,
101,137,1226629438576,,7431.42885795000,-131.37906954800,EPA National Aquatic Resource Survey Data,NARS,WORP99-1018,43.84220000000,-122.67658000000,NAD27,GOODMAN CREEK,NA,NA,NA,NA,NA,NA,137.00000000000,Yes,,Yes,
102,138,1188433427642,,4550.52400505000,-102.90043313900,EPA National Aquatic Resource Survey Data,NARS,WORP99-1019,42.75841000000,-118.82789000000,NAD27,FISH CREEK,NA,NA,NA,NA,NA,NA,138.00000000000,Yes,,Yes,
103,139,1195394443145,,103268.15258800000,-0.15680836214,EPA National Aquatic Resource Survey Data,NARS,WORP99-1021,44.26693000000,-119.21942000000,NAD27,MURDERERS CREEK,NA,NA,NA,NA,NA,NA,139.00000000000,Yes,,Yes,
104,359,1181230437759,,16536.79632920000,-46.79911274060,United State Geological Survey,USGS,434621118101500,43.77238040000,-118.17185530000,NAD83,KINGSBURY GULCH,NA,NA,NA,NA,NA,NA,359.00000000000,Yes,,,
105,1043,1240885436633,,6775.31958880000,53.06392435210,EPA National Aquatic Resources Survey,NARS_WQX,FW08OR001,43.64959000000,-124.09540000000,WGS84,Wind Creek,NA,NA,NA,NA,NA,NA,1043.00000000000,Yes,,Yes,
106,1044,1195547453592,,30290.29786350000,53.74793806640,EPA National Aquatic Resources Survey,NARS_WQX,FW08OR002,45.36819000000,-119.44610000000,WGS84,Hinton Creek,NA,NA,NA,NA,NA,NA,1044.00000000000,Yes,,Yes,
107,1045,1210810430862,,81035.24625380000,-2.10506374858,EPA National Aquatic Resources Survey,NARS_WQX,FW08OR003,42.94308000000,-121.25917000000,WGS84,West Fork Silver Creek,NA,NA,NA,NA,NA,NA,1045.00000000000,Yes,,Yes,
108,1046,1196393446233,,245.93526682100,-1.18990579590,EPA National Aquatic Resources Survey,NARS_WQX,FW08OR004,44.62321000000,-119.63838000000,WGS84,Johnny Creek,NA,NA,NA,NA,NA,NA,1046.00000000000,Yes,,Yes,
109,1047,1174261448973,,692.54508307300,28.12788927910,EPA National Aquatic Resources Survey,NARS_WQX,FW08OR005,44.89845000000,-117.42406000000,WGS84,Sawmill Creek,NA,NA,NA,NA,NA,NA,1047.00000000000,Yes,,Yes,
110,1048,1241338440157,,410037.22431600000,71.17796653040,EPA National Aquatic Resources Survey,NARS_WQX,FW08OR006,43.87567000000,-123.50243000000,WGS84,Siuslaw River,NA,NA,NA,NA,NA,NA,1048.00000000000,Yes,,Yes,
111,1049,1168775451506,,16132.23068760000,13.60856687210,EPA National Aquatic Resources Survey,NARS_WQX,FW08OR008,45.11451000000,-116.85638000000,WGS84,Dry Creek,NA,NA,NA,NA,NA,NA,1049.00000000000,Yes,,Yes,
112,1051,1224705432859,,96317.24612730000,4.39409982595,EPA National Aquatic Resources Survey,NARS_WQX,FW08OR010,43.09695000000,-122.41151000000,WGS84,Fish Creek,NA,NA,NA,NA,NA,NA,1051.00000000000,Yes,,Yes,
113,1052,1241338440157,,234503.51648700000,-67.93519848820,EPA National Aquatic Resources Survey,NARS_WQX,FW08OR011,43.99118000000,-123.66463000000,WGS84,Siuslaw River,NA,NA,NA,NA,NA,NA,1052.00000000000,Yes,,Yes,
114,1053,1224071455697,,151942.78327100000,-11.20792253510,EPA National Aquatic Resources Survey,NARS_WQX,FW08OR012,45.39527780000,-122.14972220000,WGS84,Sandy River,NA,NA,NA,NA,NA,NA,1053.00000000000,Yes,,Yes,
115,1054,1230673441173,,303886.82927300000,-176.11479156400,EPA National Aquatic Resources Survey,NARS_WQX,FW08OR014,44.16746000000,-122.24958000000,WGS84,McKenzie River,NA,NA,NA,NA,NA,NA,1054.00000000000,Yes,,Yes,
116,1055,1244292424210,,593508.29491600000,-51.14835165570,EPA National Aquatic Resources Survey,NARS_WQX,FW08OR015,42.41333330000,-123.15833330000,WGS84,Rogue River,NA,NA,NA,NA,NA,NA,1055.00000000000,Yes,,Yes,
117,1056,1230064446867,,118248.63135500000,15.94066172810,EPA National Aquatic Resources Survey,NARS_WQX,FW08OR016,44.49077000000,-122.81381000000,WGS84,South Santiam River,NA,NA,NA,NA,NA,NA,1056.00000000000,Yes,,Yes,
118,1057,1240782444222,,114840.66012800000,38.00818236550,EPA National Aquatic Resources Survey,NARS_WQX,FW08OR019,44.37260000000,-123.83628000000,WGS84,Alsea River,NA,NA,NA,NA,NA,NA,1057.00000000000,Yes,,Yes,
119,1058,1206499457318,,430236.64403200000,39.84921637720,EPA National Aquatic Resources Survey,NARS_WQX,FW08OR021,45.17000000000,-120.48250000000,WGS84,John Day River,NA,NA,NA,NA,NA,NA,1058.00000000000,Yes,,Yes,
120,1060,1218567452169,,3181.25724755000,-70.44662861050,EPA National Aquatic Resources Survey,NARS_WQX,FW08OR023,45.21161000000,-121.84732000000,WGS84,Draw Creek,NA,NA,NA,NA,NA,NA,1060.00000000000,Yes,,Yes,
121,1061,1190296461886,,1146556.66895000000,-243.54118788800,EPA National Aquatic Resources Survey,NARS_WQX,FW08OR025,45.57600000000,-116.48831000000,WGS84,Snake River,NA,NA,NA,NA,NA,NA,1061.00000000000,Yes,,Yes,
122,1062,1212676445778,,280202.31978300000,-35.22871543490,EPA National Aquatic Resources Survey,NARS_WQX,FW08OR026,44.24743000000,-120.85960000000,WGS84,Crooked River,NA,NA,NA,NA,NA,NA,1062.00000000000,Yes,,Yes,
123,1063,1227618456580,,956631.83196100000,-157.58215255000,EPA National Aquatic Resources Survey,NARS_WQX,FW08OR027,44.05582000000,-123.08430000000,WGS84,Willamette River,NA,NA,NA,NA,NA,NA,1063.00000000000,Yes,,Yes,
124,1064,1226500453377,,207089.69911200000,-39.22883643410,EPA National Aquatic Resources Survey,NARS_WQX,FW08OR028,45.48472000000,-122.96000000000,WGS84,Tualatin River,NA,NA,NA,NA,NA,NA,1064.00000000000,Yes,,Yes,
125,1065,1218738425716,,280643.31195100000,-42.79620278690,EPA National Aquatic Resources Survey,NARS_WQX,FW08OR030,42.46212000000,-121.46878000000,WGS84,Sprague River,NA,NA,NA,NA,NA,NA,1065.00000000000,Yes,,Yes,
126,1066,1169731440585,,490358.69399900000,-48.99875187590,EPA National Aquatic Resources Survey,NARS_WQX,FW08OR033,43.77116000000,-118.04935000000,WGS84,Malheur River,NA,NA,NA,NA,NA,NA,1066.00000000000,Yes,,Yes,
127,1067,1240230449267,,106355.98091300000,4.12453125805,EPA National Aquatic Resources Survey,NARS_WQX,FW08OR035,44.80638890000,-123.97277780000,WGS84,Siletz River,NA,NA,NA,NA,NA,NA,1067.00000000000,Yes,,Yes,
128,1068,1206499457318,,138001.61629100000,-224.03354561300,EPA National Aquatic Resources Survey,NARS_WQX,FW08OR037,45.53248000000,-120.35825000000,WGS84,John Day River,NA,NA,NA,NA,NA,NA,1068.00000000000,Yes,,Yes,
129,1069,1167649458167,,28392.99150010000,-55.93658979560,EPA National Aquatic Resources Survey,NARS_WQX,FW08OR041,45.74946000000,-116.75984000000,WGS84,Imnaha River,NA,NA,NA,NA,NA,NA,1069.00000000000,Yes,,Yes,
130,1073,1218738425716,,71049.68945160000,92.18541551180,EPA National Aquatic Resources Survey,NARS_WQX,FW08OR046,42.59993000000,-121.76077000000,WGS84,Sprague River,NA,NA,NA,NA,NA,NA,1073.00000000000,Yes,,Yes,
131,1075,1170244438120,,557116.95691300000,-126.92724758200,EPA National Aquatic Resources Survey,NARS_WQX,FW08OR049,43.05298000000,-117.69475000000,WGS84,Owyhee River,NA,NA,NA,NA,NA,NA,1075.00000000000,Yes,,Yes,
132,1076,1228263431013,,878.12847247700,107.76899242600,EPA National Aquatic Resources Survey,NARS_WQX,FW08OR050,43.10088000000,-122.82959000000,WGS84,West Creek,NA,NA,NA,NA,NA,NA,1076.00000000000,Yes,,Yes,
133,1077,1227618456580,,826934.32189000000,465.42747477700,EPA National Aquatic Resources Survey,NARS_WQX,FW08OR051,44.31707000000,-123.21649000000,WGS84,Willamette River,NA,NA,NA,NA,NA,NA,1077.00000000000,Yes,,Yes,
134,1078,1181251448557,,5110.53400341000,7.89814219384,EPA National Aquatic Resources Survey,NARS_WQX,FW08OR052,44.85142000000,-118.14283000000,WGS84,North Fork Rock Creek,NA,NA,NA,NA,NA,NA,1078.00000000000,Yes,,Yes,
135,1079,1244292424210,,35366.05572370000,288.44074540400,EPA National Aquatic Resources Survey,NARS_WQX,FW08OR054,42.47083330000,-124.34333330000,WGS84,Rogue River,NA,NA,NA,NA,NA,NA,1079.00000000000,Yes,,Yes,
136,1080,1229096457414,,7026.69394140000,-32.05041133420,EPA National Aquatic Resources Survey,NARS_WQX,FW08OR055,45.73074000000,-122.92966000000,WGS84,Raymond Creek,NA,NA,NA,NA,NA,NA,1080.00000000000,Yes,,Yes,
137,1081,1192890441229,,7174.73210716000,66.20775052000,EPA National Aquatic Resources Survey,NARS_WQX,FW08OR056,44.14154000000,-119.29135000000,WGS84,Tamarack Creek,NA,NA,NA,NA,NA,NA,1081.00000000000,Yes,,Yes,
138,1082,1169845460718,,246658.29430000000,98.12498500550,EPA National Aquatic Resources Survey,NARS_WQX,FW08OR057,45.93063000000,-117.45506000000,WGS84,Grande Ronde River,NA,NA,NA,NA,NA,NA,1082.00000000000,Yes,,Yes,
139,1084,1242038436694,,313663.13964700000,-232.11074003800,EPA National Aquatic Resources Survey,NARS_WQX,FW08OR059,43.57777000000,-123.50250000000,WGS84,Umpqua River,NA,NA,NA,NA,NA,NA,1084.00000000000,Yes,,Yes,
140,1087,1190296461886,,1273764.50460000000,3.85157875265,EPA National Aquatic Resources Survey,NARS_WQX,FW08OR064,45.28694000000,-116.67222000000,WGS84,Snake River,NA,NA,NA,NA,NA,NA,1087.00000000000,Yes,,Yes,
141,1090,1186964451690,,9420.31485653000,-19.62242847910,EPA National Aquatic Resources Survey,NARS_WQX,FW08OR069,45.19290000000,-118.70400000000,WGS84,Bowman Creek,NA,NA,NA,NA,NA,NA,1090.00000000000,Yes,,Yes,
142,1091,1227618456580,,50430.49438280000,176.69168339300,EPA National Aquatic Resources Survey,NARS_WQX,FW08OR071,45.55356000000,-122.70579000000,WGS84,Willamette River,NA,NA,NA,NA,NA,NA,1091.00000000000,Yes,,Yes,
143,1092,1209151456389,,1170785.07299000000,36.14574888350,EPA National Aquatic Resources Survey,NARS_WQX,FW08OR074,43.68754000000,-121.68600000000,WGS84,Deschutes River,NA,NA,NA,NA,NA,NA,1092.00000000000,Yes,,Yes,
144,1093,1240885436633,,6775.31958880000,53.06392435210,EPA National Aquatic Resources Survey (TEST Submission),NARSTEST,FW08OR001,43.64959000000,-124.09540000000,WGS84,Wind Creek,NA,NA,NA,NA,NA,NA,1093.00000000000,Yes,,Yes,
145,1094,1195547453592,,30290.29786350000,53.74793806640,EPA National Aquatic Resources Survey (TEST Submission),NARSTEST,FW08OR002,45.36819000000,-119.44610000000,WGS84,Hinton Creek,NA,NA,NA,NA,NA,NA,1094.00000000000,Yes,,Yes,
146,1095,1210810430862,,81035.24625380000,-2.10506374858,EPA National Aquatic Resources Survey (TEST Submission),NARSTEST,FW08OR003,42.94308000000,-121.25917000000,WGS84,West Fork Silver Creek,NA,NA,NA,NA,NA,NA,1095.00000000000,Yes,,Yes,
147,1096,1196393446233,,245.93526682100,-1.18990579590,EPA National Aquatic Resources Survey (TEST Submission),NARSTEST,FW08OR004,44.62321000000,-119.63838000000,WGS84,Johnny Creek,NA,NA,NA,NA,NA,NA,1096.00000000000,Yes,,Yes,
148,1097,1174261448973,,692.54508307300,28.12788927910,EPA National Aquatic Resources Survey (TEST Submission),NARSTEST,FW08OR005,44.89845000000,-117.42406000000,WGS84,Sawmill Creek,NA,NA,NA,NA,NA,NA,1097.00000000000,Yes,,Yes,
149,1098,1241338440157,,410037.22431600000,71.17796653040,EPA National Aquatic Resources Survey (TEST Submission),NARSTEST,FW08OR006,43.87567000000,-123.50243000000,WGS84,Siuslaw River,NA,NA,NA,NA,NA,NA,1098.00000000000,Yes,,Yes,
150,1099,1168775451506,,16132.23068760000,13.60856687210,EPA National Aquatic Resources Survey (TEST Submission),NARSTEST,FW08OR008,45.11451000000,-116.85638000000,WGS84,Dry Creek,NA,NA,NA,NA,NA,NA,1099.00000000000,Yes,,Yes,
151,1101,1224705432859,,96317.24612730000,4.39409982595,EPA National Aquatic Resources Survey (TEST Submission),NARSTEST,FW08OR010,43.09695000000,-122.41151000000,WGS84,Fish Creek,NA,NA,NA,NA,NA,NA,1101.00000000000,Yes,,Yes,
152,1102,1241338440157,,234503.51648700000,-67.93519848820,EPA National Aquatic Resources Survey (TEST Submission),NARSTEST,FW08OR011,43.99118000000,-123.66463000000,WGS84,Siuslaw River,NA,NA,NA,NA,NA,NA,1102.00000000000,Yes,,Yes,
153,1103,1224071455697,,151942.78327100000,-11.20792253510,EPA National Aquatic Resources Survey (TEST Submission),NARSTEST,FW08OR012,45.39527780000,-122.14972220000,WGS84,Sandy River,NA,NA,NA,NA,NA,NA,1103.00000000000,Yes,,Yes,
154,1104,1230673441173,,303886.82927300000,-176.11479156400,EPA National Aquatic Resources Survey (TEST Submission),NARSTEST,FW08OR014,44.16746000000,-122.24958000000,WGS84,McKenzie River,NA,NA,NA,NA,NA,NA,1104.00000000000,Yes,,Yes,
155,1105,1244292424210,,593508.29491600000,-51.14835165570,EPA National Aquatic Resources Survey (TEST Submission),NARSTEST,FW08OR015,42.41333330000,-123.15833330000,WGS84,Rogue River,NA,NA,NA,NA,NA,NA,1105.00000000000,Yes,,Yes,
156,1106,1230064446867,,118248.63135500000,15.94066172810,EPA National Aquatic Resources Survey (TEST Submission),NARSTEST,FW08OR016,44.49077000000,-122.81381000000,WGS84,South Santiam River,NA,NA,NA,NA,NA,NA,1106.00000000000,Yes,,Yes,
157,1107,1240782444222,,114840.66012800000,38.00818236550,EPA National Aquatic Resources Survey (TEST Submission),NARSTEST,FW08OR019,44.37260000000,-123.83628000000,WGS84,Alsea River,NA,NA,NA,NA,NA,NA,1107.00000000000,Yes,,Yes,
158,1108,1206499457318,,430236.64403200000,39.84921637720,EPA National Aquatic Resources Survey (TEST Submission),NARSTEST,FW08OR021,45.17000000000,-120.48250000000,WGS84,John Day River,NA,NA,NA,NA,NA,NA,1108.00000000000,Yes,,Yes,
159,1110,1218567452169,,3181.25724755000,-70.44662861050,EPA National Aquatic Resources Survey (TEST Submission),NARSTEST,FW08OR023,45.21161000000,-121.84732000000,WGS84,Draw Creek,NA,NA,NA,NA,NA,NA,1110.00000000000,Yes,,Yes,
160,1111,1190296461886,,1146556.66895000000,-243.54118788800,EPA National Aquatic Resources Survey (TEST Submission),NARSTEST,FW08OR025,45.57600000000,-116.48831000000,WGS84,Snake River,NA,NA,NA,NA,NA,NA,1111.00000000000,Yes,,Yes,
161,1112,1212676445778,,280202.31978300000,-35.22871543490,EPA National Aquatic Resources Survey (TEST Submission),NARSTEST,FW08OR026,44.24743000000,-120.85960000000,WGS84,Crooked River,NA,NA,NA,NA,NA,NA,1112.00000000000,Yes,,Yes,
162,1113,1227618456580,,956631.83196100000,-157.58215255000,EPA National Aquatic Resources Survey (TEST Submission),NARSTEST,FW08OR027,44.05582000000,-123.08430000000,WGS84,Willamette River,NA,NA,NA,NA,NA,NA,1113.00000000000,Yes,,Yes,
163,1114,1226500453377,,207089.69911200000,-39.22883643410,EPA National Aquatic Resources Survey (TEST Submission),NARSTEST,FW08OR028,45.48472000000,-122.96000000000,WGS84,Tualatin River,NA,NA,NA,NA,NA,NA,1114.00000000000,Yes,,Yes,
164,1115,1218738425716,,280643.31195100000,-42.79620278690,EPA National Aquatic Resources Survey (TEST Submission),NARSTEST,FW08OR030,42.46212000000,-121.46878000000,WGS84,Sprague River,NA,NA,NA,NA,NA,NA,1115.00000000000,Yes,,Yes,
165,1116,1169731440585,,490358.69399900000,-48.99875187590,EPA National Aquatic Resources Survey (TEST Submission),NARSTEST,FW08OR033,43.77116000000,-118.04935000000,WGS84,Malheur River,NA,NA,NA,NA,NA,NA,1116.00000000000,Yes,,Yes,
166,1117,1240230449267,,106355.98091300000,4.12453125805,EPA National Aquatic Resources Survey (TEST Submission),NARSTEST,FW08OR035,44.80638890000,-123.97277780000,WGS84,Siletz River,NA,NA,NA,NA,NA,NA,1117.00000000000,Yes,,Yes,
167,1118,1206499457318,,138001.61629100000,-224.03354561300,EPA National Aquatic Resources Survey (TEST Submission),NARSTEST,FW08OR037,45.53248000000,-120.35825000000,WGS84,John Day River,NA,NA,NA,NA,NA,NA,1118.00000000000,Yes,,Yes,
168,1119,1167649458167,,28392.99150010000,-55.93658979560,EPA National Aquatic Resources Survey (TEST Submission),NARSTEST,FW08OR041,45.74946000000,-116.75984000000,WGS84,Imnaha River,NA,NA,NA,NA,NA,NA,1119.00000000000,Yes,,Yes,
169,1123,1218738425716,,71049.68945160000,92.18541551180,EPA National Aquatic Resources Survey (TEST Submission),NARSTEST,FW08OR046,42.59993000000,-121.76077000000,WGS84,Sprague River,NA,NA,NA,NA,NA,NA,1123.00000000000,Yes,,Yes,
170,1125,1170244438120,,557116.95691300000,-126.92724758200,EPA National Aquatic Resources Survey (TEST Submission),NARSTEST,FW08OR049,43.05298000000,-117.69475000000,WGS84,Owyhee River,NA,NA,NA,NA,NA,NA,1125.00000000000,Yes,,Yes,
171,1126,1228263431013,,878.12847247700,107.76899242600,EPA National Aquatic Resources Survey (TEST Submission),NARSTEST,FW08OR050,43.10088000000,-122.82959000000,WGS84,West Creek,NA,NA,NA,NA,NA,NA,1126.00000000000,Yes,,Yes,
172,1127,1227618456580,,826934.32189000000,465.42747477700,EPA National Aquatic Resources Survey (TEST Submission),NARSTEST,FW08OR051,44.31707000000,-123.21649000000,WGS84,Willamette River,NA,NA,NA,NA,NA,NA,1127.00000000000,Yes,,Yes,
173,1128,1181251448557,,5110.53400341000,7.89814219384,EPA National Aquatic Resources Survey (TEST Submission),NARSTEST,FW08OR052,44.85142000000,-118.14283000000,WGS84,North Fork Rock Creek,NA,NA,NA,NA,NA,NA,1128.00000000000,Yes,,Yes,
174,1129,1244292424210,,35366.05572370000,288.44074540400,EPA National Aquatic Resources Survey (TEST Submission),NARSTEST,FW08OR054,42.47083330000,-124.34333330000,WGS84,Rogue River,NA,NA,NA,NA,NA,NA,1129.00000000000,Yes,,Yes,
175,1130,1229096457414,,7026.69394140000,-32.05041133420,EPA National Aquatic Resources Survey (TEST Submission),NARSTEST,FW08OR055,45.73074000000,-122.92966000000,WGS84,Raymond Creek,NA,NA,NA,NA,NA,NA,1130.00000000000,Yes,,Yes,
176,1131,1192890441229,,7174.73210716000,66.20775052000,EPA National Aquatic Resources Survey (TEST Submission),NARSTEST,FW08OR056,44.14154000000,-119.29135000000,WGS84,Tamarack Creek,NA,NA,NA,NA,NA,NA,1131.00000000000,Yes,,Yes,
177,1132,1169845460718,,246658.29430000000,98.12498500550,EPA National Aquatic Resources Survey (TEST Submission),NARSTEST,FW08OR057,45.93063000000,-117.45506000000,WGS84,Grande Ronde River,NA,NA,NA,NA,NA,NA,1132.00000000000,Yes,,Yes,
178,1134,1242038436694,,313663.13964700000,-232.11074003800,EPA National Aquatic Resources Survey (TEST Submission),NARSTEST,FW08OR059,43.57777000000,-123.50250000000,WGS84,Umpqua River,NA,NA,NA,NA,NA,NA,1134.00000000000,Yes,,Yes,
179,1137,1190296461886,,1273764.50460000000,3.85157875265,EPA National Aquatic Resources Survey (TEST Submission),NARSTEST,FW08OR064,45.28694000000,-116.67222000000,WGS84,Snake River,NA,NA,NA,NA,NA,NA,1137.00000000000,Yes,,Yes,
180,1140,1186964451690,,9420.31485653000,-19.62242847910,EPA National Aquatic Resources Survey (TEST Submission),NARSTEST,FW08OR069,45.19290000000,-118.70400000000,WGS84,Bowman Creek,NA,NA,NA,NA,NA,NA,1140.00000000000,Yes,,Yes,
181,1141,1227618456580,,50430.49438280000,176.69168339300,EPA National Aquatic Resources Survey (TEST Submission),NARSTEST,FW08OR071,45.55356000000,-122.70579000000,WGS84,Willamette River,NA,NA,NA,NA,NA,NA,1141.00000000000,Yes,,Yes,
182,1142,1209151456389,,1170785.07299000000,36.14574888350,EPA National Aquatic Resources Survey (TEST Submission),NARSTEST,FW08OR074,43.68754000000,-121.68600000000,WGS84,Deschutes River,NA,NA,NA,NA,NA,NA,1142.00000000000,Yes,,Yes,
183,1176,1222435424554,1222535424689,6500.28627846000,-386.73018203200,EPA National Aquatic Resources Survey,NARS_WQX,NLA06608-R10FOURMI,42.46935000000,-122.25862200000,WGS84,Four Mile Lake,NA,NA,NA,NA,NA,NA,1176.00000000000,Yes,,,
184,1178,1227660420008,,1771.58242637000,-500.04642831200,EPA National Aquatic Resources Survey,NARS_WQX,WCAP99-0845,42.00300000000,-122.76312000000,WGS84,GROUSE CREEK,NA,NA,NA,NA,NA,NA,1178.00000000000,Yes,,,
185,1179,1222435435439,,11489.69932510000,8.05437501936,EPA National Aquatic Resources Survey,NARS_WQX,WORP99-0503,43.55441000000,-122.20504000000,WGS84,BEAR CREEK,NA,NA,NA,NA,NA,NA,1179.00000000000,Yes,,Yes,
186,1180,1231904458549,,51247.15125920000,-62.56275330070,EPA National Aquatic Resources Survey,NARS_WQX,WORP99-0505,45.88232000000,-123.29797000000,WGS84,ROCK CREEK,NA,NA,NA,NA,NA,NA,1180.00000000000,Yes,,Yes,
187,1181,1238335433347,,4938.88162638000,-132.34581787700,EPA National Aquatic Resources Survey,NARS_WQX,WORP99-0508,43.32637000000,-123.84749000000,WGS84,MINK CREEK,NA,NA,NA,NA,NA,NA,1181.00000000000,Yes,,Yes,
188,1182,1204806421469,,49111.32384090000,-74.45651139640,EPA National Aquatic Resources Survey,NARS_WQX,WORP99-0510,42.23773000000,-120.57656000000,WGS84,MUDDY CREEK,NA,NA,NA,NA,NA,NA,1182.00000000000,Yes,,Yes,
189,1183,1218135453147,,24944.61080380000,16.54969063890,EPA National Aquatic Resources Survey,NARS_WQX,WORP99-0511,45.33377000000,-121.73210000000,WGS84,LITTLE ZIGZAG CANYON,NA,NA,NA,NA,NA,NA,1183.00000000000,Yes,,Yes,
190,1184,1183896449369,,8633.40246125000,32.13019841010,EPA National Aquatic Resources Survey,NARS_WQX,WORP99-0512,44.95600000000,-118.37670000000,WGS84,NORTH TRAIL CREEK,NA,NA,NA,NA,NA,NA,1184.00000000000,Yes,,Yes,
191,1185,1212872424605,,145477.88102200000,24.65403978460,EPA National Aquatic Resources Survey,NARS_WQX,WORP99-0514,42.68806000000,-121.25865000000,WGS84,SYCAN RIVER,NA,NA,NA,NA,NA,NA,1185.00000000000,Yes,,Yes,
192,1187,1170646459584,,33075.67377070000,35.92470739440,EPA National Aquatic Resources Survey,NARS_WQX,WORP99-0518,45.88876000000,-117.09055000000,WGS84,BROADY CREEK,NA,NA,NA,NA,NA,NA,1187.00000000000,Yes,,Yes,
193,1189,1183709421868,,63131.55473150000,79.94237513910,EPA National Aquatic Resources Survey,NARS_WQX,WORP99-0522,42.04374000000,-118.29447000000,WGS84,BIG TROUT CREEK,NA,NA,NA,NA,NA,NA,1189.00000000000,Yes,,Yes,
194,1190,1173304444463,,11155.84252640000,-120.94848698500,EPA National Aquatic Resources Survey,NARS_WQX,WORP99-0523,44.44785000000,-117.36786000000,WGS84,DIXIE CREEK,NA,NA,NA,NA,NA,NA,1190.00000000000,Yes,,Yes,
195,1191,1201168444814,,5175.39310466000,14.75102183650,EPA National Aquatic Resources Survey,NARS_WQX,WORP99-0528,44.47614000000,-120.13300000000,WGS84,MILK CREEK,NA,NA,NA,NA,NA,NA,1191.00000000000,Yes,,Yes,
196,1192,1184946448414,,1036.44204707000,-7.71197927359,EPA National Aquatic Resources Survey,NARS_WQX,WORP99-0529,44.84419000000,-118.49470000000,WGS84,BUCK CREEK,NA,NA,NA,NA,NA,NA,1192.00000000000,Yes,,Yes,
197,1193,1186486443518,,7625.24880731000,-117.68181483900,EPA National Aquatic Resources Survey,NARS_WQX,WORP99-0530,44.33318000000,-118.64266000000,WGS84,TRIB TO STRAWBERRY CREEK,NA,NA,NA,NA,NA,NA,1193.00000000000,Yes,,Yes,
198,1194,1193486440324,,42488.90856840000,-20.32334806390,EPA National Aquatic Resources Survey,NARS_WQX,WORP99-0538,44.01946000000,-119.47612000000,WGS84,FLAT CREEK,NA,NA,NA,NA,NA,NA,1194.00000000000,Yes,,Yes,
199,1195,1187925451660,,51185.03995290000,20.70721717220,EPA National Aquatic Resources Survey,NARS_WQX,WORP99-0541,45.09314000000,-118.66703000000,WGS84,HIDAWAY CREEK,NA,NA,NA,NA,NA,NA,1195.00000000000,Yes,,Yes,
200,1196,1190406445326,,3327.87533097000,19.14231060360,EPA National Aquatic Resources Survey,NARS_WQX,WORP99-0542,44.53912000000,-119.03291000000,WGS84,ENNIS CREEK,NA,NA,NA,NA,NA,NA,1196.00000000000,Yes,,Yes,
201,1197,1202050447528,,31207.25816280000,-18.02043513540,EPA National Aquatic Resources Survey,NARS_WQX,WORP99-0547,44.82247000000,-120.15471000000,WGS84,ROWE CREEK,NA,NA,NA,NA,NA,NA,1197.00000000000,Yes,,Yes,
202,1200,1189114447974,,26761.15882950000,-134.14618774200,EPA National Aquatic Resources Survey,NARS_WQX,WORP99-0554,44.83708000000,-118.87958000000,WGS84,INDIAN CREEK,NA,NA,NA,NA,NA,NA,1200.00000000000,Yes,,Yes,
203,1201,1185080445935,,26917.67865520000,30.10898321620,EPA National Aquatic Resources Survey,NARS_WQX,WORP99-0559,44.53190000000,-118.47930000000,WGS84,CLEAR CREEK,NA,NA,NA,NA,NA,NA,1201.00000000000,Yes,,Yes,
204,1202,1184296445846,,7837.11768156000,-13.70172274180,EPA National Aquatic Resources Survey,NARS_WQX,WORP99-0560,44.58345000000,-118.41174000000,WGS84,SUMMIT CREEK,NA,NA,NA,NA,NA,NA,1202.00000000000,Yes,,Yes,
205,1203,1213417448729,,116772.10076600000,172.91618795500,EPA National Aquatic Resources Survey,NARS_WQX,WORP99-0605,45.09674000000,-121.55233000000,WGS84,BEAVER CREEK,NA,NA,NA,NA,NA,NA,1203.00000000000,Yes,,,
206,1208,1192675440317,,6880.78015424000,55.02873755750,EPA National Aquatic Resources Survey,NARS_WQX,WORP99-0622,44.04762000000,-119.25393000000,WGS84,GRASSHOPPER CREEK,NA,NA,NA,NA,NA,NA,1208.00000000000,Yes,,Yes,
207,1209,1189961450100,,131227.62566800000,52.83606870720,EPA National Aquatic Resources Survey,NARS_WQX,WORP99-0625,45.17224000000,-118.73686000000,WGS84,CAMAS CREEK,NA,NA,NA,NA,NA,NA,1209.00000000000,Yes,,Yes,
208,1210,1187361448455,,4423.97425730000,82.40920316640,EPA National Aquatic Resources Survey,NARS_WQX,WORP99-0626,44.85483000000,-118.72771000000,WGS84,SPONGE CREEK,NA,NA,NA,NA,NA,NA,1210.00000000000,Yes,,Yes,
209,1211,1194194448139,,24451.85593370000,68.51038472130,EPA National Aquatic Resources Survey,NARS_WQX,WORP99-0630,44.75606000000,-119.41414000000,WGS84,COTTONWOOD CREEK,NA,NA,NA,NA,NA,NA,1211.00000000000,Yes,,Yes,
210,1212,1222748448571,,2906.14021848000,13.52334137200,EPA National Aquatic Resources Survey,NARS_WQX,WORP99-0657,44.86329000000,-122.28132000000,WGS84,TINCUP CREEK,NA,NA,NA,NA,NA,NA,1212.00000000000,Yes,,Yes,
211,1213,1228492437033,,1508.70370753000,-10.49466466120,EPA National Aquatic Resources Survey,NARS_WQX,WORP99-0659,43.69977000000,-122.85016000000,WGS84,CULP CREEK,NA,NA,NA,NA,NA,NA,1213.00000000000,Yes,,Yes,
212,1214,1235900458588,,8157.24913863000,-63.87976746910,EPA National Aquatic Resources Survey,NARS_WQX,WORP99-0661,45.85920000000,-123.61998000000,WGS84,MCCLURE CREEK,NA,NA,NA,NA,NA,NA,1214.00000000000,Yes,,Yes,
213,1215,1195547453592,,30306.13305810000,24.84627150620,EPA National Aquatic Resources Survey,NARS_WQX,WORP99-0662,45.36810000000,-119.44609000000,WGS84,HINTON CREEK,NA,NA,NA,NA,NA,NA,1215.00000000000,Yes,,Yes,
214,1216,1205043425871,,11920.65507050000,-68.10999167670,EPA National Aquatic Resources Survey,NARS_WQX,WORP99-0665,42.56856000000,-120.53277000000,WGS84,AVERY CREEK,NA,NA,NA,NA,NA,NA,1216.00000000000,Yes,,Yes,
215,1218,1168775451506,,16100.48804240000,-8.95894853314,EPA National Aquatic Resources Survey,NARS_WQX,WORP99-0667,45.11452000000,-116.85653000000,WGS84,DRY CREEK,NA,NA,NA,NA,NA,NA,1218.00000000000,Yes,,Yes,
216,1219,1215424442008,,29918.86765940000,8.73350935261,EPA National Aquatic Resources Survey,NARS_WQX,WORP99-0677,44.13839000000,-121.60091000000,WGS84,THREE CREEK,NA,NA,NA,NA,NA,NA,1219.00000000000,Yes,,Yes,
217,1220,1204052455767,,382139.61672900000,42.34705328730,EPA National Aquatic Resources Survey,NARS_WQX,WORP99-0685,45.09654000000,-119.60913000000,WGS84,ROCK CREEK,NA,NA,NA,NA,NA,NA,1220.00000000000,Yes,,Yes,
218,1221,1191589450239,,2452.68280327000,-7.34300017871,EPA National Aquatic Resources Survey,NARS_WQX,WORP99-0691,45.02467000000,-119.15001000000,WGS84,RUSH CREEK,NA,NA,NA,NA,NA,NA,1221.00000000000,Yes,,Yes,
219,1222,1186984446632,,9091.74104341000,-82.67750806550,EPA National Aquatic Resources Survey,NARS_WQX,WORP99-0692,44.65401000000,-118.72916000000,WGS84,SUNSHINE CREEK,NA,NA,NA,NA,NA,NA,1222.00000000000,Yes,,Yes,
220,1223,1191562444148,,44072.41384400000,19.98711654670,EPA National Aquatic Resources Survey,NARS_WQX,WORP99-0698,44.30671000000,-119.17570000000,WGS84,RILEY CREEK,NA,NA,NA,NA,NA,NA,1223.00000000000,Yes,,,
221,1224,1216078452149,,20013.32565310000,-46.15376941650,EPA National Aquatic Resources Survey,NARS_WQX,WORP99-0701,45.24938000000,-121.66096000000,WGS84,BARLOW CREEK,NA,NA,NA,NA,NA,NA,1224.00000000000,Yes,,Yes,
222,1225,1188116447044,,3527.69187633000,45.84454661380,EPA National Aquatic Resources Survey,NARS_WQX,WORP99-0704,44.71076000000,-118.80173000000,WGS84,ELK CREEK,NA,NA,NA,NA,NA,NA,1225.00000000000,Yes,,Yes,
223,1226,1192433443821,,4472.50329049000,-6.79588704796,EPA National Aquatic Resources Survey,NARS_WQX,WORP99-0710,44.37560000000,-119.25701000000,WGS84,SECOND CREEK,NA,NA,NA,NA,NA,NA,1226.00000000000,Yes,,Yes,
224,1227,1184006449127,,10199.16914040000,25.58701311580,EPA National Aquatic Resources Survey,NARS_WQX,WORP99-0721,44.89782000000,-118.38236000000,WGS84,ONION CREEK,NA,NA,NA,NA,NA,NA,1227.00000000000,Yes,,Yes,
225,1228,1194874441152,,14477.47122360000,-36.04154353880,EPA National Aquatic Resources Survey,NARS_WQX,WORP99-0724,44.09689000000,-119.51807000000,WGS84,PINE CREEK,NA,NA,NA,NA,NA,NA,1228.00000000000,Yes,,Yes,
226,1229,1187007444592,,24745.58319100000,42.22970023320,EPA National Aquatic Resources Survey,NARS_WQX,WORP99-0728,44.39839000000,-118.67658000000,WGS84,STRAWBERRY CREEK,NA,NA,NA,NA,NA,NA,1229.00000000000,Yes,,Yes,
227,1230,1185469446075,,27506.15049400000,-6.66806596390,EPA National Aquatic Resources Survey,NARS_WQX,WORP99-0734,44.67166000000,-118.54477000000,WGS84,VINCENT CREEK,NA,NA,NA,NA,NA,NA,1230.00000000000,Yes,,Yes,
228,1231,1228342449828,,12751.18949100000,15.50167257160,EPA National Aquatic Resources Survey,NARS_WQX,WORP99-0735,44.96672000000,-122.79673000000,WGS84,DRIFT CREEK,NA,NA,NA,NA,NA,NA,1231.00000000000,Yes,,Yes,
229,1232,1237270456848,,2900.81820258000,-44.10259805170,EPA National Aquatic Resources Survey,NARS_WQX,WORP99-0739,45.68971000000,-123.71855000000,WGS84,HARLISS CREEK,NA,NA,NA,NA,NA,NA,1232.00000000000,Yes,,Yes,
230,1233,1192140453380,,38746.39074410000,-16.53338213550,EPA National Aquatic Resources Survey,NARS_WQX,WORP99-0740,45.24534000000,-119.20996000000,WGS84,JOHNSON CREEK,NA,NA,NA,NA,NA,NA,1233.00000000000,Yes,,Yes,
231,1234,1174261448973,,643.09460488000,40.00069085570,EPA National Aquatic Resources Survey,NARS_WQX,WORP99-0745,44.89848000000,-117.42425000000,WGS84,SAWMILL CREEK,NA,NA,NA,NA,NA,NA,1234.00000000000,Yes,,Yes,
232,1235,1240885436633,,5969.96123770000,-102.32586787300,EPA National Aquatic Resources Survey,NARS_WQX,WORP99-0748,43.65174000000,-124.09572000000,WGS84,WIND CREEK,NA,NA,NA,NA,NA,NA,1235.00000000000,Yes,,Yes,
233,1236,1192865449746,,3548.53473079000,-58.68824996520,EPA National Aquatic Resources Survey,NARS_WQX,WORP99-0762,44.97169000000,-119.29883000000,WGS84,GRAVES CREEK,NA,NA,NA,NA,NA,NA,1236.00000000000,Yes,,Yes,
234,1237,1203065447366,,59733.01519350000,-14.24910778920,EPA National Aquatic Resources Survey,NARS_WQX,WORP99-0768,44.62178000000,-120.21026000000,WGS84,BRIDGE CREEK,NA,NA,NA,NA,NA,NA,1237.00000000000,Yes,,Yes,
235,1238,1187587450825,,28879.07391770000,-7.36325413108,EPA National Aquatic Resources Survey,NARS_WQX,WORP99-0769,45.05127000000,-118.66512000000,WGS84,NORTH FORK CABLE CREEK,NA,NA,NA,NA,NA,NA,1238.00000000000,Yes,,Yes,
236,1241,1183176449098,,1194.12300013000,-14.68095158030,EPA National Aquatic Resources Survey,NARS_WQX,WORP99-0787,44.90789000000,-118.31402000000,WGS84,BALDY CREEK,NA,NA,NA,NA,NA,NA,1241.00000000000,Yes,,Yes,
237,1243,1193015449167,,323916.09051700000,-32.93337141590,EPA National Aquatic Resources Survey,NARS_WQX,WORP99-0794,44.62230000000,-118.57806000000,WGS84,MIDDLE FORK JOHN DAY RIVER,NA,NA,NA,NA,NA,NA,1243.00000000000,Yes,,Yes,
238,1244,1195272441916,,53329.54105680000,-44.27077049850,EPA National Aquatic Resources Survey,NARS_WQX,WORP99-0800,44.19970000000,-119.35128000000,WGS84,DEER CREEK,NA,NA,NA,NA,NA,NA,1244.00000000000,Yes,,Yes,
239,1246,1187712448638,,9051.84568058000,62.15212331270,EPA National Aquatic Resources Survey,NARS_WQX,WORP99-0806,44.84825000000,-118.78680000000,WGS84,BEEMAN CREEK,NA,NA,NA,NA,NA,NA,1246.00000000000,Yes,,Yes,
240,1248,1200026442224,,19874.64890960000,54.98915245500,EPA National Aquatic Resources Survey,NARS_WQX,WORP99-0815,44.26857000000,-119.97815000000,WGS84,ROBA CREEK,NA,NA,NA,NA,NA,NA,1248.00000000000,Yes,,Yes,
241,1251,1174506444499,,19981.46594970000,-117.67001248400,EPA National Aquatic Resources Survey,NARS_WQX,WORP99-0823,44.42970000000,-117.51413000000,WGS84,SOUTH FORK DIXIE CREEK,NA,NA,NA,NA,NA,NA,1251.00000000000,Yes,,Yes,
242,1252,1237663438061,,43159.41037880000,140.45657956700,EPA National Aquatic Resources Survey,NARS_WQX,WORP99-0825,43.85239000000,-123.72026000000,WGS84,WEST FORK SMITH RIVER,NA,NA,NA,NA,NA,NA,1252.00000000000,Yes,,Yes,
243,1253,1175368452725,,19999.28669180000,-91.64197254840,EPA National Aquatic Resources Survey,NARS_WQX,WORP99-0830,45.27151000000,-117.46621000000,WGS84,NORTH MINAM RIVER,NA,NA,NA,NA,NA,NA,1253.00000000000,Yes,,Yes,
244,1254,1189961450100,,10372.98980640000,15.59513978510,EPA National Aquatic Resources Survey,NARS_WQX,WORP99-0841,45.03423000000,-118.97814000000,WGS84,CAMAS CREEK,NA,NA,NA,NA,NA,NA,1254.00000000000,Yes,,Yes,
245,1255,1189512447944,,35108.79459460000,52.39738688310,EPA National Aquatic Resources Survey,NARS_WQX,WORP99-0842,44.71102000000,-118.95085000000,WGS84,SLIDE CREEK,NA,NA,NA,NA,NA,NA,1255.00000000000,Yes,,Yes,
246,1257,1199609452189,,22216.84893020000,-37.91304668590,EPA National Aquatic Resources Survey,NARS_WQX,WORP99-0852,45.16732000000,-119.95315000000,WGS84,LONE ROCK CREEK,NA,NA,NA,NA,NA,NA,1257.00000000000,Yes,,Yes,
247,1259,1195355444739,,249205.83769300000,13.04332169350,EPA National Aquatic Resources Survey,NARS_WQX,WORP99-0856,44.01521000000,-119.33820000000,WGS84,SOUTH FORK JOHN DAY RIVER,NA,NA,NA,NA,NA,NA,1259.00000000000,Yes,,Yes,
248,1260,1188742447658,,56323.63012740000,-69.51487874460,EPA National Aquatic Resources Survey,NARS_WQX,WORP99-0860,44.77780000000,-118.68610000000,WGS84,BIG CREEK,NA,NA,NA,NA,NA,NA,1260.00000000000,Yes,,Yes,
249,1261,1194539450514,,482.80448019400,-14.98958172800,EPA National Aquatic Resources Survey,NARS_WQX,WORP99-0864,45.05225000000,-119.45251000000,WGS84,ALDER CREEK,NA,NA,NA,NA,NA,NA,1261.00000000000,Yes,,Yes,
250,1262,1195711442692,,6940.35929889000,62.34143765150,EPA National Aquatic Resources Survey,NARS_WQX,WORP99-0866,44.27721000000,-119.59326000000,WGS84,NORTH FORK WIND CREEK,NA,NA,NA,NA,NA,NA,1262.00000000000,Yes,,Yes,
251,1266,1201704445718,,4636.63431337000,-10.32152637880,EPA National Aquatic Resources Survey,NARS_WQX,WORP99-0883,44.56009000000,-120.17553000000,WGS84,NELSON CREEK,NA,NA,NA,NA,NA,NA,1266.00000000000,Yes,,Yes,
252,1267,1241338440157,,410000.74445000000,38.09550203590,EPA National Aquatic Resources Survey,NARS_WQX,WORP99-0885,43.87554000000,-123.50238000000,WGS84,SIUSLAW RIVER,NA,NA,NA,NA,NA,NA,1267.00000000000,Yes,,Yes,
253,1268,1210372424183,,44259.23831570000,-46.32866841250,EPA National Aquatic Resources Survey,NARS_WQX,WORP99-0888,42.32292000000,-120.98713000000,WGS84,FISHHOLE CREEK,NA,NA,NA,NA,NA,NA,1268.00000000000,Yes,,Yes,
254,1269,1173711449826,,74434.73085980000,38.21519632380,EPA National Aquatic Resources Survey,NARS_WQX,WORP99-0890,45.15849000000,-117.31893000000,WGS84,EAST FORK EAGLE CREEK,NA,NA,NA,NA,NA,NA,1269.00000000000,Yes,,Yes,
255,1270,1216205445703,,5569.48208574000,113.81395167200,EPA National Aquatic Resources Survey,NARS_WQX,WORP99-0891,44.55845000000,-121.63310000000,WGS84,ABBOT CREEK,NA,NA,NA,NA,NA,NA,1270.00000000000,Yes,,Yes,
256,1271,1238097433168,,64713.33836550000,16.37184148720,EPA National Aquatic Resources Survey,NARS_WQX,WORP99-0892,43.26170000000,-123.72635000000,WGS84,WILLIAMS RIVER,NA,NA,NA,NA,NA,NA,1271.00000000000,Yes,,Yes,
257,1273,1196331445288,,75018.19031900000,-38.37459679110,EPA National Aquatic Resources Survey,NARS_WQX,WORP99-0917,44.44292000000,-119.81463000000,WGS84,ROCK CREEK,NA,NA,NA,NA,NA,NA,1273.00000000000,Yes,,Yes,
258,1274,1199198448104,,17903.83686790000,64.29686110060,EPA National Aquatic Resources Survey,NARS_WQX,WORP99-0923,44.76814000000,-119.91009000000,WGS84,HORSESHOE CREEK,NA,NA,NA,NA,NA,NA,1274.00000000000,Yes,,Yes,
259,1275,1187277449752,,10145.40080840000,12.05737166140,EPA National Aquatic Resources Survey,NARS_WQX,WORP99-0924,44.99626000000,-118.72649000000,WGS84,ORIENTAL CREEK,NA,NA,NA,NA,NA,NA,1275.00000000000,Yes,,Yes,
260,1276,1213259452673,,37628.42721010000,67.97676593780,EPA National Aquatic Resources Survey,NARS_WQX,WORP99-0928,45.30092000000,-121.44904000000,WGS84,LITTLE BADGER CREEK,NA,NA,NA,NA,NA,NA,1276.00000000000,Yes,,Yes,
261,1277,1204842450573,,96915.08143610000,-48.45711787490,EPA National Aquatic Resources Survey,NARS_WQX,WORP99-0929,44.99289000000,-120.19691000000,WGS84,BUTTE CREEK,NA,NA,NA,NA,NA,NA,1277.00000000000,Yes,,Yes,
262,1278,1184060447987,,9201.98674051000,-27.04570264980,EPA National Aquatic Resources Survey,NARS_WQX,WORP99-0931,44.78704000000,-118.37701000000,WGS84,BULL RUN CREEK,NA,NA,NA,NA,NA,NA,1278.00000000000,Yes,,Yes,
263,1279,1192943449516,,52732.63687750000,-1.00834226910,EPA National Aquatic Resources Survey,NARS_WQX,WORP99-0935,45.05038000000,-119.35106000000,WGS84,DITCH CREEK,NA,NA,NA,NA,NA,NA,1279.00000000000,Yes,,Yes,
264,1280,1195661443338,,24864.13979350000,-47.99323095470,EPA National Aquatic Resources Survey,NARS_WQX,WORP99-0937,44.34538000000,-119.65120000000,WGS84,BLACK CANYON CREEK,NA,NA,NA,NA,NA,NA,1280.00000000000,Yes,,Yes,
265,1281,1196393446233,,528.80778239200,-78.75819261030,EPA National Aquatic Resources Survey,NARS_WQX,WORP99-0947,44.62316000000,-119.63725000000,WGS84,JOHNNY CREEK,NA,NA,NA,NA,NA,NA,1281.00000000000,Yes,,Yes,
266,1282,1192754449735,,54867.41597300000,39.03010497380,EPA National Aquatic Resources Survey,NARS_WQX,WORP99-0948,45.09133000000,-119.21976000000,WGS84,POTAMUS CREEK,NA,NA,NA,NA,NA,NA,1282.00000000000,Yes,,Yes,
267,1283,1240388428362,,3161.83150780000,-45.31873990350,EPA National Aquatic Resources Survey,NARS_WQX,WORP99-0952,42.82923000000,-124.04476000000,WGS84,UPPER LAND CREEK,NA,NA,NA,NA,NA,NA,1283.00000000000,Yes,,Yes,
268,1284,1221496452036,,6050.36478588000,-18.78322814910,EPA National Aquatic Resources Survey,NARS_WQX,WORP99-0954,45.19066000000,-122.13924000000,WGS84,WINSLOW CREEK,NA,NA,NA,NA,NA,NA,1284.00000000000,Yes,,Yes,
269,1285,1189855450726,,18186.53983980000,-49.93603737400,EPA National Aquatic Resources Survey,NARS_WQX,WORP99-0972,45.08481000000,-119.04549000000,WGS84,FIVEMILE CREEK,NA,NA,NA,NA,NA,NA,1285.00000000000,Yes,,Yes,
270,1287,1195547443534,,3345.18500148000,9.39589347746,EPA National Aquatic Resources Survey,NARS_WQX,WORP99-0985,44.35015000000,-119.54315000000,WGS84,JACKASS CREEK,NA,NA,NA,NA,NA,NA,1287.00000000000,Yes,,Yes,
271,1289,1185615448659,,49726.49099010000,13.20353530850,EPA National Aquatic Resources Survey,NARS_WQX,WORP99-1002,44.80711000000,-118.42886000000,WGS84,GRANITE CREEK,NA,NA,NA,NA,NA,NA,1289.00000000000,Yes,,Yes,
272,1290,1187958446932,,27071.76409790000,-110.53053655900,EPA National Aquatic Resources Survey,NARS_WQX,WORP99-1003,44.63579000000,-118.84309000000,WGS84,CAMP CREEK,NA,NA,NA,NA,NA,NA,1290.00000000000,Yes,,Yes,
273,1292,1223918432059,,20368.98381660000,-95.02781302470,EPA National Aquatic Resources Survey,NARS_WQX,WORP99-1017,43.18240000000,-122.32973000000,WGS84,ROUGH CREEK,NA,NA,NA,NA,NA,NA,1292.00000000000,Yes,,Yes,
274,1293,1226629438576,,7444.61292147000,186.13824747400,EPA National Aquatic Resources Survey,NARS_WQX,WORP99-1018,43.84220000000,-122.67658000000,WGS84,GOODMAN CREEK,NA,NA,NA,NA,NA,NA,1293.00000000000,Yes,,Yes,
275,1294,1188433427642,,4808.62697023000,-38.46158434620,EPA National Aquatic Resources Survey,NARS_WQX,WORP99-1019,42.75841000000,-118.82789000000,WGS84,FISH CREEK,NA,NA,NA,NA,NA,NA,1294.00000000000,Yes,,Yes,
276,1295,1195394443145,,103564.96705900000,11.38703082050,EPA National Aquatic Resources Survey,NARS_WQX,WORP99-1021,44.26693000000,-119.21942000000,WGS84,MURDERERS CREEK,NA,NA,NA,NA,NA,NA,1295.00000000000,Yes,,Yes,
